xcoord,ycoord,zcoord,atom_num,mat_org,matnum_org,surf_flag,num_neighbor,nb_vector_x,nb_vector_y,nb_vector_z,nb_vector_sum,polar_delta
1.387202083332,1.387202083332,1.961800000008524,1,Pt,6,2NN,13,0.0,0.0,3.8284271247364052,3.8284271247364052,45.29147287882056
0.0,0.0,3.923599999995277,2,Pt,6,internal,13,-2.220446049250313e-16,0.0,1.0000000000156941,1.0000000000156941,90.4361748198431
1.387202083332,1.387202083332,5.885400000003802,3,Pt,6,internal,14,-2.220446049250313e-16,0.0,-1.5695444943730763e-11,1.5695444945301405e-11,91.46383472534619
0.0,0.0,7.847199999990554,4,Pt,6,internal,13,-5.551115123125783e-17,5.551115123125783e-17,-0.9999999999843044,0.9999999999843044,89.99999999992151
1.387202083332,1.387202083332,9.80899999999908,5,Pt,6,internal,13,0.0,0.0,-1.0000000000000004,1.0000000000000004,90.00006991735319
0.0,0.0,11.770800000007604,6,Pt,6,2NN,12,5.551115123125783e-17,0.0,-2.8284271247521002,2.8284271247521002,45.73557505190541
